run,run_mean,pct_converged,n_samples
1,0.016402661319812634,65.77272727272727,6600
2,0.016473791451532153,65.77272727272727,6600
3,0.016336930619217618,65.77272727272727,6600
