run,run_mean,pct_converged,n_samples
1,0.004375942758053902,95.21212121212122,6600
2,0.00445389812118608,95.21212121212122,6600
3,0.004339191733007595,95.21212121212122,6600
