run,run_mean,pct_converged
1,0.012266525576961885,62.56666666666667
2,0.012504048466872966,62.56666666666667
3,0.012392741921231286,62.56666666666667
