run,run_mean,pct_converged
1,0.0038113049888979767,94.78333333333333
2,0.003926269195191739,94.78333333333333
3,0.003822836323364644,94.78333333333333
