run,run_mean,pct_converged,n_samples
1,0.04761757591189014,43.43939393939394,6600
2,0.04563394298027898,43.43939393939394,6600
3,0.04445558580572197,43.43939393939394,6600
