run,run_mean,pct_converged
1,0.02836722745256239,37.8
2,0.027353409106138524,37.8
3,0.02630355002808613,37.8
