run,mean_pbl_mean,n_samples
1,1.3933430573379765e-05,2867
2,1.3933430573379765e-05,2867
3,1.3933430573379765e-05,2867
