run,mean_pbl_mean,n_samples
1,1.1343698451382731e-06,6284
2,1.1343698451382731e-06,6284
3,1.1343698451382731e-06,6284
