run,mean_pbl_mean,n_samples
1,3.4510057847441404e-06,4341
2,3.4510057847441404e-06,4341
3,3.4510057847441404e-06,4341
